"Path","Line"
"C:\Users\Rashid\Desktop\New folder\internave_web\internative_web\src\pages\About.jsx","import GlassCard from '../components/ui/GlassCard';"
"C:\Users\Rashid\Desktop\New folder\internave_web\internative_web\src\pages\About.jsx","import Button from '../components/ui/Button';"
"C:\Users\Rashid\Desktop\New folder\internave_web\internative_web\src\pages\Contact.jsx","import GlassCard from '../components/ui/GlassCard';"
"C:\Users\Rashid\Desktop\New folder\internave_web\internative_web\src\pages\Contact.jsx","import Button from '../components/ui/Button';"
"C:\Users\Rashid\Desktop\New folder\internave_web\internative_web\src\pages\FAQ.jsx","import GlassCard from '../components/ui/GlassCard';"
"C:\Users\Rashid\Desktop\New folder\internave_web\internative_web\src\pages\Home.jsx","import HeroSection from '../components/home/HeroSection';"
"C:\Users\Rashid\Desktop\New folder\internave_web\internative_web\src\pages\Home.jsx","import SocialProof from '../components/home/SocialProof';"
"C:\Users\Rashid\Desktop\New folder\internave_web\internative_web\src\pages\Home.jsx","import ProblemSection from '../components/home/ProblemSection';"
"C:\Users\Rashid\Desktop\New folder\internave_web\internative_web\src\pages\Home.jsx","import SolutionSection from '../components/home/SolutionSection';"
"C:\Users\Rashid\Desktop\New folder\internave_web\internative_web\src\pages\Home.jsx","import HowItWorks from '../components/home/HowItWorks';"
"C:\Users\Rashid\Desktop\New folder\internave_web\internative_web\src\pages\Home.jsx","import SignalTypes from '../components/home/SignalTypes';"
"C:\Users\Rashid\Desktop\New folder\internave_web\internative_web\src\pages\Home.jsx","import BenefitsSection from '../components/home/BenefitsSection';"
"C:\Users\Rashid\Desktop\New folder\internave_web\internative_web\src\pages\Home.jsx","import MobileAppShowcase from '../components/home/MobileAppShowcase';"
"C:\Users\Rashid\Desktop\New folder\internave_web\internative_web\src\pages\Home.jsx","import PricingSection from '../components/home/PricingSection';"
"C:\Users\Rashid\Desktop\New folder\internave_web\internative_web\src\pages\Home.jsx","import Testimonials from '../components/home/Testimonials';"
"C:\Users\Rashid\Desktop\New folder\internave_web\internative_web\src\pages\Home.jsx","import PerformanceSection from '../components/home/PerformanceSection';"
"C:\Users\Rashid\Desktop\New folder\internave_web\internative_web\src\pages\Home.jsx","import FAQSection from '../components/home/FAQSection';"
"C:\Users\Rashid\Desktop\New folder\internave_web\internative_web\src\pages\Home.jsx","import ComparisonTable from '../components/home/ComparisonTable';"
"C:\Users\Rashid\Desktop\New folder\internave_web\internative_web\src\pages\Home.jsx","import TrustBadges from '../components/home/TrustBadges';"
"C:\Users\Rashid\Desktop\New folder\internave_web\internative_web\src\pages\HowItWorks.jsx","    import HowItWorks from '../components/OptionsSignals/HowItWorks';"
"C:\Users\Rashid\Desktop\New folder\internave_web\internative_web\src\pages\HowItWorks.jsx","    import TrustBadges from '../components/sections/TrustBadges';"
"C:\Users\Rashid\Desktop\New folder\internave_web\internative_web\src\pages\HowItWorks.jsx","    import FinalCTA from '../components/sections/FinalCTA';"
"C:\Users\Rashid\Desktop\New folder\internave_web\internative_web\src\pages\Performance.jsx","import GlassCard from '../components/ui/GlassCard';"
"C:\Users\Rashid\Desktop\New folder\internave_web\internative_web\src\pages\Performance.jsx","import Section from '../components/ui/Section';"
"C:\Users\Rashid\Desktop\New folder\internave_web\internative_web\src\pages\Performance.jsx","import GradientText from '../components/ui/GradientText';"
"C:\Users\Rashid\Desktop\New folder\internave_web\internative_web\src\pages\Pricing.jsx","import Pricing from '../components/sections/Pricing';"
"C:\Users\Rashid\Desktop\New folder\internave_web\internative_web\src\pages\Pricing.jsx","import TrustBadges from '../components/sections/TrustBadges';"
"C:\Users\Rashid\Desktop\New folder\internave_web\internative_web\src\pages\Pricing.jsx","import FinalCTA from '../components/sections/FinalCTA';"
"C:\Users\Rashid\Desktop\New folder\internave_web\internative_web\src\pages\Pricing.jsx","import GlassCard from '../components/ui/GlassCard';"
"C:\Users\Rashid\Desktop\New folder\internave_web\internative_web\src\pages\PrivacyPolicy.jsx","import Section from '../components/ui/Section';"
"C:\Users\Rashid\Desktop\New folder\internave_web\internative_web\src\pages\PrivacyPolicy.jsx","import GlassCard from '../components/ui/GlassCard';"
"C:\Users\Rashid\Desktop\New folder\internave_web\internative_web\src\pages\PrivacyPolicy.jsx","import GradientText from '../components/ui/GradientText';"
"C:\Users\Rashid\Desktop\New folder\internave_web\internative_web\src\pages\RefundPolicy.jsx","import Section from '../components/ui/Section';"
"C:\Users\Rashid\Desktop\New folder\internave_web\internative_web\src\pages\RefundPolicy.jsx","import GlassCard from '../components/ui/GlassCard';"
"C:\Users\Rashid\Desktop\New folder\internave_web\internative_web\src\pages\RefundPolicy.jsx","import GradientText from '../components/ui/GradientText';"
"C:\Users\Rashid\Desktop\New folder\internave_web\internative_web\src\pages\RiskDisclosure.jsx","import Section from '../components/ui/Section';"
"C:\Users\Rashid\Desktop\New folder\internave_web\internative_web\src\pages\RiskDisclosure.jsx","import GlassCard from '../components/ui/GlassCard';"
"C:\Users\Rashid\Desktop\New folder\internave_web\internative_web\src\pages\TermsOfService.jsx","import Section from '../components/ui/Section';"
"C:\Users\Rashid\Desktop\New folder\internave_web\internative_web\src\pages\TermsOfService.jsx","import GlassCard from '../components/ui/GlassCard';"
"C:\Users\Rashid\Desktop\New folder\internave_web\internative_web\src\pages\TermsOfService.jsx","import GradientText from '../components/ui/GradientText';"
"C:\Users\Rashid\Desktop\New folder\internave_web\internative_web\src\pages\Compare\BestOptionsSignals.jsx","import Hero from '../../components/BestOptionsSignals/Hero';"
"C:\Users\Rashid\Desktop\New folder\internave_web\internative_web\src\pages\Compare\BestOptionsSignals.jsx","import ComparisonTable from '../../components/BestOptionsSignals/ComparisonTable';"
"C:\Users\Rashid\Desktop\New folder\internave_web\internative_web\src\pages\Compare\BestOptionsSignals.jsx","import FAQ from '../../components/BestOptionsSignals/FAQ';"
"C:\Users\Rashid\Desktop\New folder\internave_web\internative_web\src\pages\Compare\BestPlatform.jsx","import Hero from '../../components/BestPlatform/Hero';"
"C:\Users\Rashid\Desktop\New folder\internave_web\internative_web\src\pages\Compare\BestPlatform.jsx","import PlatformComparison from '../../components/BestPlatform/PlatformComparison';"
"C:\Users\Rashid\Desktop\New folder\internave_web\internative_web\src\pages\Compare\BestPlatform.jsx","import FAQ from '../../components/BestPlatform/FAQ';"
"C:\Users\Rashid\Desktop\New folder\internave_web\internative_web\src\pages\Compare\CompareHub.jsx","import Section from '../../components/ui/Section';"
"C:\Users\Rashid\Desktop\New folder\internave_web\internative_web\src\pages\Compare\CompareHub.jsx","import GlassCard from '../../components/ui/GlassCard';"
"C:\Users\Rashid\Desktop\New folder\internave_web\internative_web\src\pages\Compare\CompareHub.jsx","import GradientText from '../../components/ui/GradientText';"
"C:\Users\Rashid\Desktop\New folder\internave_web\internative_web\src\pages\Compare\FreeVsPaid.jsx","import Hero from '../../components/FreeVsPaid/Hero';"
"C:\Users\Rashid\Desktop\New folder\internave_web\internative_web\src\pages\Compare\FreeVsPaid.jsx","import Comparison from '../../components/FreeVsPaid/Comparison';"
"C:\Users\Rashid\Desktop\New folder\internave_web\internative_web\src\pages\Compare\FreeVsPaid.jsx","import FAQ from '../../components/FreeVsPaid/FAQ';"
"C:\Users\Rashid\Desktop\New folder\internave_web\internative_web\src\pages\Compare\OptionsVsCopy.jsx","import Hero from '../../components/OptionsVsCopy/Hero';"
"C:\Users\Rashid\Desktop\New folder\internave_web\internative_web\src\pages\Compare\OptionsVsCopy.jsx","import Comparison from '../../components/OptionsVsCopy/Comparison';"
"C:\Users\Rashid\Desktop\New folder\internave_web\internative_web\src\pages\Compare\OptionsVsCopy.jsx","import FAQ from '../../components/OptionsVsCopy/FAQ';"
"C:\Users\Rashid\Desktop\New folder\internave_web\internative_web\src\pages\Education\EducationHub.jsx","import Hero from '../../components/EducationHub/Hero';"
"C:\Users\Rashid\Desktop\New folder\internave_web\internative_web\src\pages\Education\EducationHub.jsx","import Benefits from '../../components/EducationHub/Benefits';"
"C:\Users\Rashid\Desktop\New folder\internave_web\internative_web\src\pages\Education\EducationHub.jsx","import Curriculum from '../../components/EducationHub/Curriculum';"
"C:\Users\Rashid\Desktop\New folder\internave_web\internative_web\src\pages\Education\EducationHub.jsx","import FeaturedGuides from '../../components/EducationHub/FeaturedGuides';"
"C:\Users\Rashid\Desktop\New folder\internave_web\internative_web\src\pages\Education\EducationHub.jsx","import LearningFormats from '../../components/EducationHub/LearningFormats';"
"C:\Users\Rashid\Desktop\New folder\internave_web\internative_web\src\pages\Education\EducationHub.jsx","import BeginnerPath from '../../components/EducationHub/BeginnerPath';"
"C:\Users\Rashid\Desktop\New folder\internave_web\internative_web\src\pages\Education\EducationHub.jsx","import IntermediateAdvanced from '../../components/EducationHub/IntermediateAdvanced';"
"C:\Users\Rashid\Desktop\New folder\internave_web\internative_web\src\pages\Education\EducationHub.jsx","import LiveEducation from '../../components/EducationHub/LiveEducation';"
"C:\Users\Rashid\Desktop\New folder\internave_web\internative_web\src\pages\Education\EducationHub.jsx","import Certification from '../../components/EducationHub/Certification';"
"C:\Users\Rashid\Desktop\New folder\internave_web\internative_web\src\pages\Education\EducationHub.jsx","import ResourceLibrary from '../../components/EducationHub/ResourceLibrary';"
"C:\Users\Rashid\Desktop\New folder\internave_web\internative_web\src\pages\Education\EducationHub.jsx","import FAQ from '../../components/EducationHub/FAQ';"
"C:\Users\Rashid\Desktop\New folder\internave_web\internative_web\src\pages\Education\EducationHub.jsx","import Community from '../../components/EducationHub/Community';"
"C:\Users\Rashid\Desktop\New folder\internave_web\internative_web\src\pages\Education\EducationHub.jsx","import FinalCTA from '../../components/EducationHub/FinalCTA';"
"C:\Users\Rashid\Desktop\New folder\internave_web\internative_web\src\pages\Education\HowOptionsTradingWorks.jsx","import Hero from '../../components/HowOptionsWorks/Hero';"
"C:\Users\Rashid\Desktop\New folder\internave_web\internative_web\src\pages\Education\HowOptionsTradingWorks.jsx","import BasicsExplained from '../../components/HowOptionsWorks/BasicsExplained';"
"C:\Users\Rashid\Desktop\New folder\internave_web\internative_web\src\pages\Education\HowOptionsTradingWorks.jsx","import OptionsChain from '../../components/HowOptionsWorks/OptionsChain';"
"C:\Users\Rashid\Desktop\New folder\internave_web\internative_web\src\pages\Education\HowOptionsTradingWorks.jsx","import Greeks from '../../components/HowOptionsWorks/Greeks';"
"C:\Users\Rashid\Desktop\New folder\internave_web\internative_web\src\pages\Education\HowOptionsTradingWorks.jsx","import Strategies from '../../components/HowOptionsWorks/Strategies';"
"C:\Users\Rashid\Desktop\New folder\internave_web\internative_web\src\pages\Education\HowOptionsTradingWorks.jsx","import FAQ from '../../components/HowOptionsWorks/FAQ';"
"C:\Users\Rashid\Desktop\New folder\internave_web\internative_web\src\pages\Education\HowToUseTradingSignals.jsx","import Hero from '../../components/HowToUseSignals/Hero';"
"C:\Users\Rashid\Desktop\New folder\internave_web\internative_web\src\pages\Education\HowToUseTradingSignals.jsx","import StepByStep from '../../components/HowToUseSignals/StepByStep';"
"C:\Users\Rashid\Desktop\New folder\internave_web\internative_web\src\pages\Education\HowToUseTradingSignals.jsx","import FAQ from '../../components/HowToUseSignals/FAQ';"
"C:\Users\Rashid\Desktop\New folder\internave_web\internative_web\src\pages\Education\HowToUseTradingSignals.jsx","import FinalCTA from '../../components/EducationHub/FinalCTA';"
"C:\Users\Rashid\Desktop\New folder\internave_web\internative_web\src\pages\Education\WhatAreTradingSignals.jsx","import Hero from '../../components/WhatAreSignals/Hero';"
"C:\Users\Rashid\Desktop\New folder\internave_web\internative_web\src\pages\Education\WhatAreTradingSignals.jsx","import Definition from '../../components/WhatAreSignals/Definition';"
"C:\Users\Rashid\Desktop\New folder\internave_web\internative_web\src\pages\Education\WhatAreTradingSignals.jsx","import Components from '../../components/WhatAreSignals/Components';"
"C:\Users\Rashid\Desktop\New folder\internave_web\internative_web\src\pages\Education\WhatAreTradingSignals.jsx","import Types from '../../components/WhatAreSignals/Types';"
"C:\Users\Rashid\Desktop\New folder\internave_web\internative_web\src\pages\Education\WhatAreTradingSignals.jsx","import HowTheyWork from '../../components/WhatAreSignals/HowTheyWork';"
"C:\Users\Rashid\Desktop\New folder\internave_web\internative_web\src\pages\Education\WhatAreTradingSignals.jsx","import BenefitsRisks from '../../components/WhatAreSignals/BenefitsRisks';"
"C:\Users\Rashid\Desktop\New folder\internave_web\internative_web\src\pages\Education\WhatAreTradingSignals.jsx","import FAQ from '../../components/WhatAreSignals/FAQ';"
"C:\Users\Rashid\Desktop\New folder\internave_web\internative_web\src\pages\Education\WhatAreTradingSignals.jsx","import NextSteps from '../../components/WhatAreSignals/NextSteps';"
"C:\Users\Rashid\Desktop\New folder\internave_web\internative_web\src\pages\Education\WhatIsLottoOptions.jsx","import Hero from '../../components/LottoOptions/Hero';"
"C:\Users\Rashid\Desktop\New folder\internave_web\internative_web\src\pages\Education\WhatIsLottoOptions.jsx","import Definition from '../../components/LottoOptions/Definition';"
"C:\Users\Rashid\Desktop\New folder\internave_web\internative_web\src\pages\Education\WhatIsLottoOptions.jsx","import WhenToUse from '../../components/LottoOptions/WhenToUse';"
"C:\Users\Rashid\Desktop\New folder\internave_web\internative_web\src\pages\Education\WhatIsLottoOptions.jsx","import FAQ from '../../components/LottoOptions/FAQ';"
"C:\Users\Rashid\Desktop\New folder\internave_web\internative_web\src\pages\Education\ZeroDTEOptionsExplained.jsx","import Hero from '../../components/ZeroDTE/Hero';"
"C:\Users\Rashid\Desktop\New folder\internave_web\internative_web\src\pages\Education\ZeroDTEOptionsExplained.jsx","import WhatIs0DTE from '../../components/ZeroDTE/WhatIs0DTE';"
"C:\Users\Rashid\Desktop\New folder\internave_web\internative_web\src\pages\Education\ZeroDTEOptionsExplained.jsx","import FAQ from '../../components/ZeroDTE/FAQ';"
"C:\Users\Rashid\Desktop\New folder\internave_web\internative_web\src\pages\Signals\CryptoSignals.jsx","import Hero from '../../components/CryptoSignals/Hero';"
"C:\Users\Rashid\Desktop\New folder\internave_web\internative_web\src\pages\Signals\CryptoSignals.jsx","import CryptoFeatures from '../../components/CryptoSignals/CryptoFeatures';"
"C:\Users\Rashid\Desktop\New folder\internave_web\internative_web\src\pages\Signals\CryptoSignals.jsx","import FAQ from '../../components/SwingSignals/FAQ';"
"C:\Users\Rashid\Desktop\New folder\internave_web\internative_web\src\pages\Signals\CryptoSignals.jsx","import FinalCTA from '../../components/SwingSignals/FinalCTA';"
"C:\Users\Rashid\Desktop\New folder\internave_web\internative_web\src\pages\Signals\DayTradingSignals.jsx","import Section from '../../components/ui/Section';"
"C:\Users\Rashid\Desktop\New folder\internave_web\internative_web\src\pages\Signals\DayTradingSignals.jsx","import GlassCard from '../../components/ui/GlassCard';"
"C:\Users\Rashid\Desktop\New folder\internave_web\internative_web\src\pages\Signals\DayTradingSignals.jsx","import GradientText from '../../components/ui/GradientText';"
"C:\Users\Rashid\Desktop\New folder\internave_web\internative_web\src\pages\Signals\DayTradingSignals.jsx","import Button from '../../components/ui/Button';"
"C:\Users\Rashid\Desktop\New folder\internave_web\internative_web\src\pages\Signals\OptionsTradingSignals.jsx","import Hero from '../../components/OptionsSignals/Hero';"
"C:\Users\Rashid\Desktop\New folder\internave_web\internative_web\src\pages\Signals\OptionsTradingSignals.jsx","import PainPoints from '../../components/OptionsSignals/PainPoints';"
"C:\Users\Rashid\Desktop\New folder\internave_web\internative_web\src\pages\Signals\OptionsTradingSignals.jsx","import SignalBreakdown from '../../components/OptionsSignals/SignalBreakdown';"
"C:\Users\Rashid\Desktop\New folder\internave_web\internative_web\src\pages\Signals\OptionsTradingSignals.jsx","import SignalTabs from '../../components/OptionsSignals/SignalTabs';"
"C:\Users\Rashid\Desktop\New folder\internave_web\internative_web\src\pages\Signals\OptionsTradingSignals.jsx","import MarketsWeCover from '../../components/OptionsSignals/MarketsWeCover';"
"C:\Users\Rashid\Desktop\New folder\internave_web\internative_web\src\pages\Signals\OptionsTradingSignals.jsx","import HowItWorks from '../../components/OptionsSignals/HowItWorks';"
"C:\Users\Rashid\Desktop\New folder\internave_web\internative_web\src\pages\Signals\OptionsTradingSignals.jsx","import Advantages from '../../components/OptionsSignals/Advantages';"
"C:\Users\Rashid\Desktop\New folder\internave_web\internative_web\src\pages\Signals\OptionsTradingSignals.jsx","import PerformanceDashboard from '../../components/OptionsSignals/PerformanceDashboard';"
"C:\Users\Rashid\Desktop\New folder\internave_web\internative_web\src\pages\Signals\OptionsTradingSignals.jsx","import AnalystProfiles from '../../components/OptionsSignals/AnalystProfiles';"
"C:\Users\Rashid\Desktop\New folder\internave_web\internative_web\src\pages\Signals\OptionsTradingSignals.jsx","import Pricing from '../../components/OptionsSignals/Pricing';"
"C:\Users\Rashid\Desktop\New folder\internave_web\internative_web\src\pages\Signals\OptionsTradingSignals.jsx","import FAQ from '../../components/OptionsSignals/FAQ';"
"C:\Users\Rashid\Desktop\New folder\internave_web\internative_web\src\pages\Signals\OptionsTradingSignals.jsx","import RiskDisclosure from '../../components/OptionsSignals/RiskDisclosure';"
"C:\Users\Rashid\Desktop\New folder\internave_web\internative_web\src\pages\Signals\OptionsTradingSignals.jsx","import SocialProof from '../../components/OptionsSignals/SocialProof';"
"C:\Users\Rashid\Desktop\New folder\internave_web\internative_web\src\pages\Signals\OptionsTradingSignals.jsx","import FinalCTA from '../../components/OptionsSignals/FinalCTA';"
"C:\Users\Rashid\Desktop\New folder\internave_web\internative_web\src\pages\Signals\StockTradingSignals.jsx","import Hero from '../../components/StockSignals/Hero';"
"C:\Users\Rashid\Desktop\New folder\internave_web\internative_web\src\pages\Signals\StockTradingSignals.jsx","import PainPoints from '../../components/StockSignals/PainPoints';"
"C:\Users\Rashid\Desktop\New folder\internave_web\internative_web\src\pages\Signals\StockTradingSignals.jsx","import SignalBreakdown from '../../components/StockSignals/SignalBreakdown';"
"C:\Users\Rashid\Desktop\New folder\internave_web\internative_web\src\pages\Signals\StockTradingSignals.jsx","import SignalTypes from '../../components/StockSignals/SignalTypes';"
"C:\Users\Rashid\Desktop\New folder\internave_web\internative_web\src\pages\Signals\StockTradingSignals.jsx","import MarketsAndSectors from '../../components/StockSignals/MarketsAndSectors';"
"C:\Users\Rashid\Desktop\New folder\internave_web\internative_web\src\pages\Signals\StockTradingSignals.jsx","import HowItWorks from '../../components/StockSignals/HowItWorks';"
"C:\Users\Rashid\Desktop\New folder\internave_web\internative_web\src\pages\Signals\StockTradingSignals.jsx","import WhyOurSignalsWin from '../../components/StockSignals/WhyOurSignalsWin';"
"C:\Users\Rashid\Desktop\New folder\internave_web\internative_web\src\pages\Signals\StockTradingSignals.jsx","import PerformanceStats from '../../components/StockSignals/PerformanceStats';"
"C:\Users\Rashid\Desktop\New folder\internave_web\internative_web\src\pages\Signals\StockTradingSignals.jsx","import AnalystTeam from '../../components/StockSignals/AnalystTeam';"
"C:\Users\Rashid\Desktop\New folder\internave_web\internative_web\src\pages\Signals\StockTradingSignals.jsx","import Pricing from '../../components/StockSignals/Pricing';"
"C:\Users\Rashid\Desktop\New folder\internave_web\internative_web\src\pages\Signals\StockTradingSignals.jsx","import FAQ from '../../components/StockSignals/FAQ';"
"C:\Users\Rashid\Desktop\New folder\internave_web\internative_web\src\pages\Signals\StockTradingSignals.jsx","import RiskDisclosure from '../../components/StockSignals/RiskDisclosure';"
"C:\Users\Rashid\Desktop\New folder\internave_web\internative_web\src\pages\Signals\StockTradingSignals.jsx","import FinalCTA from '../../components/StockSignals/FinalCTA';"
"C:\Users\Rashid\Desktop\New folder\internave_web\internative_web\src\pages\Signals\SwingTradingSignals.jsx","import Hero from '../../components/SwingSignals/Hero';"
"C:\Users\Rashid\Desktop\New folder\internave_web\internative_web\src\pages\Signals\SwingTradingSignals.jsx","import PainPoints from '../../components/SwingSignals/PainPoints';"
"C:\Users\Rashid\Desktop\New folder\internave_web\internative_web\src\pages\Signals\SwingTradingSignals.jsx","import SignalBreakdown from '../../components/SwingSignals/SignalBreakdown';"
"C:\Users\Rashid\Desktop\New folder\internave_web\internative_web\src\pages\Signals\SwingTradingSignals.jsx","import SignalTabs from '../../components/SwingSignals/SignalTabs';"
"C:\Users\Rashid\Desktop\New folder\internave_web\internative_web\src\pages\Signals\SwingTradingSignals.jsx","import ComparisonTable from '../../components/SwingSignals/ComparisonTable';"
"C:\Users\Rashid\Desktop\New folder\internave_web\internative_web\src\pages\Signals\SwingTradingSignals.jsx","import HowItWorks from '../../components/SwingSignals/HowItWorks';"
"C:\Users\Rashid\Desktop\New folder\internave_web\internative_web\src\pages\Signals\SwingTradingSignals.jsx","import PerformanceDashboard from '../../components/SwingSignals/PerformanceDashboard';"
"C:\Users\Rashid\Desktop\New folder\internave_web\internative_web\src\pages\Signals\SwingTradingSignals.jsx","import AnalystProfiles from '../../components/SwingSignals/AnalystProfiles';"
"C:\Users\Rashid\Desktop\New folder\internave_web\internative_web\src\pages\Signals\SwingTradingSignals.jsx","import SocialProof from '../../components/SwingSignals/SocialProof';"
"C:\Users\Rashid\Desktop\New folder\internave_web\internative_web\src\pages\Signals\SwingTradingSignals.jsx","import Pricing from '../../components/SwingSignals/Pricing';"
"C:\Users\Rashid\Desktop\New folder\internave_web\internative_web\src\pages\Signals\SwingTradingSignals.jsx","import FAQ from '../../components/SwingSignals/FAQ';"
"C:\Users\Rashid\Desktop\New folder\internave_web\internative_web\src\pages\Signals\SwingTradingSignals.jsx","import RiskDisclosure from '../../components/SwingSignals/RiskDisclosure';"
"C:\Users\Rashid\Desktop\New folder\internave_web\internative_web\src\pages\Signals\SwingTradingSignals.jsx","import FinalCTA from '../../components/SwingSignals/FinalCTA';"
"C:\Users\Rashid\Desktop\New folder\internave_web\internative_web\src\pages\Signals\StockTradingSignals\DayTradingStocks.jsx","import DayTradingHero from '../../../components/DayTrading/DayTradingHero';"
"C:\Users\Rashid\Desktop\New folder\internave_web\internative_web\src\pages\Signals\StockTradingSignals\DayTradingStocks.jsx","import DayStrategies from '../../../components/DayTrading/DayStrategies';"
"C:\Users\Rashid\Desktop\New folder\internave_web\internative_web\src\pages\Signals\StockTradingSignals\DayTradingStocks.jsx","import DayTradingRisk from '../../../components/DayTrading/DayTradingRisk';"
"C:\Users\Rashid\Desktop\New folder\internave_web\internative_web\src\pages\Signals\StockTradingSignals\DayTradingStocks.jsx","import DayTradingTools from '../../../components/DayTrading/DayTradingTools';"
"C:\Users\Rashid\Desktop\New folder\internave_web\internative_web\src\pages\Signals\StockTradingSignals\DayTradingStocks.jsx","import BestStocksDayTrading from '../../../components/DayTrading/BestStocksDayTrading';"
"C:\Users\Rashid\Desktop\New folder\internave_web\internative_web\src\pages\Signals\StockTradingSignals\DayTradingStocks.jsx","import WhoShouldDayTrade from '../../../components/DayTrading/WhoShouldDayTrade';"
"C:\Users\Rashid\Desktop\New folder\internave_web\internative_web\src\pages\Signals\StockTradingSignals\DayTradingStocks.jsx","import DayTradingFAQ from '../../../components/DayTrading/DayTradingFAQ';"
"C:\Users\Rashid\Desktop\New folder\internave_web\internative_web\src\pages\Signals\StockTradingSignals\DayTradingStocks.jsx","import DayTradingCTA from '../../../components/DayTrading/DayTradingCTA';"
"C:\Users\Rashid\Desktop\New folder\internave_web\internative_web\src\pages\Signals\StockTradingSignals\EarningsTradingStrategy.jsx","import EarningsHero from '../../../components/EarningsTrading/EarningsHero';"
"C:\Users\Rashid\Desktop\New folder\internave_web\internative_web\src\pages\Signals\StockTradingSignals\EarningsTradingStrategy.jsx","import EarningsStrategies from '../../../components/EarningsTrading/EarningsStrategies';"
"C:\Users\Rashid\Desktop\New folder\internave_web\internative_web\src\pages\Signals\StockTradingSignals\EarningsTradingStrategy.jsx","import IVCrush from '../../../components/EarningsTrading/IVCrush';"
"C:\Users\Rashid\Desktop\New folder\internave_web\internative_web\src\pages\Signals\StockTradingSignals\EarningsTradingStrategy.jsx","import BestStocksEarnings from '../../../components/EarningsTrading/BestStocksEarnings';"
"C:\Users\Rashid\Desktop\New folder\internave_web\internative_web\src\pages\Signals\StockTradingSignals\EarningsTradingStrategy.jsx","import EarningsRisk from '../../../components/EarningsTrading/EarningsRisk';"
"C:\Users\Rashid\Desktop\New folder\internave_web\internative_web\src\pages\Signals\StockTradingSignals\EarningsTradingStrategy.jsx","import WhoShouldTradeEarnings from '../../../components/EarningsTrading/WhoShouldTradeEarnings';"
"C:\Users\Rashid\Desktop\New folder\internave_web\internative_web\src\pages\Signals\StockTradingSignals\EarningsTradingStrategy.jsx","import EarningsFAQ from '../../../components/EarningsTrading/EarningsFAQ';"
"C:\Users\Rashid\Desktop\New folder\internave_web\internative_web\src\pages\Signals\StockTradingSignals\EarningsTradingStrategy.jsx","import EarningsCTA from '../../../components/EarningsTrading/EarningsCTA';"
"C:\Users\Rashid\Desktop\New folder\internave_web\internative_web\src\pages\Signals\StockTradingSignals\GapUpGapDownStocks.jsx","import GapHero from '../../../components/GapTrading/GapHero';"
"C:\Users\Rashid\Desktop\New folder\internave_web\internative_web\src\pages\Signals\StockTradingSignals\GapUpGapDownStocks.jsx","import GapTypes from '../../../components/GapTrading/GapTypes';"
"C:\Users\Rashid\Desktop\New folder\internave_web\internative_web\src\pages\Signals\StockTradingSignals\GapUpGapDownStocks.jsx","import TradingStrategies from '../../../components/GapTrading/TradingStrategies';"
"C:\Users\Rashid\Desktop\New folder\internave_web\internative_web\src\pages\Signals\StockTradingSignals\GapUpGapDownStocks.jsx","import BestStocks from '../../../components/GapTrading/BestStocks';"
"C:\Users\Rashid\Desktop\New folder\internave_web\internative_web\src\pages\Signals\StockTradingSignals\GapUpGapDownStocks.jsx","import RiskManagement from '../../../components/GapTrading/RiskManagement';"
"C:\Users\Rashid\Desktop\New folder\internave_web\internative_web\src\pages\Signals\StockTradingSignals\GapUpGapDownStocks.jsx","import WhoShouldTrade from '../../../components/GapTrading/WhoShouldTrade';"
"C:\Users\Rashid\Desktop\New folder\internave_web\internative_web\src\pages\Signals\StockTradingSignals\GapUpGapDownStocks.jsx","import GapFAQ from '../../../components/GapTrading/GapFAQ';"
"C:\Users\Rashid\Desktop\New folder\internave_web\internative_web\src\pages\Signals\StockTradingSignals\GapUpGapDownStocks.jsx","import GapCTA from '../../../components/GapTrading/GapCTA';"
"C:\Users\Rashid\Desktop\New folder\internave_web\internative_web\src\pages\Signals\StockTradingSignals\MomentumStockSignals.jsx","import MomentumHero from '../../../components/MomentumTrading/MomentumHero';"
"C:\Users\Rashid\Desktop\New folder\internave_web\internative_web\src\pages\Signals\StockTradingSignals\MomentumStockSignals.jsx","import MomentumStrategies from '../../../components/MomentumTrading/MomentumStrategies';"
"C:\Users\Rashid\Desktop\New folder\internave_web\internative_web\src\pages\Signals\StockTradingSignals\MomentumStockSignals.jsx","import MomentumIndicators from '../../../components/MomentumTrading/MomentumIndicators';"
"C:\Users\Rashid\Desktop\New folder\internave_web\internative_web\src\pages\Signals\StockTradingSignals\MomentumStockSignals.jsx","import MomentumScanning from '../../../components/MomentumTrading/MomentumScanning';"
"C:\Users\Rashid\Desktop\New folder\internave_web\internative_web\src\pages\Signals\StockTradingSignals\MomentumStockSignals.jsx","import BestStocksMomentum from '../../../components/MomentumTrading/BestStocksMomentum';"
"C:\Users\Rashid\Desktop\New folder\internave_web\internative_web\src\pages\Signals\StockTradingSignals\MomentumStockSignals.jsx","import MomentumRisk from '../../../components/MomentumTrading/MomentumRisk';"
"C:\Users\Rashid\Desktop\New folder\internave_web\internative_web\src\pages\Signals\StockTradingSignals\MomentumStockSignals.jsx","import WhoShouldTradeMomentum from '../../../components/MomentumTrading/WhoShouldTradeMomentum';"
"C:\Users\Rashid\Desktop\New folder\internave_web\internative_web\src\pages\Signals\StockTradingSignals\MomentumStockSignals.jsx","import MomentumFAQ from '../../../components/MomentumTrading/MomentumFAQ';"
"C:\Users\Rashid\Desktop\New folder\internave_web\internative_web\src\pages\Signals\StockTradingSignals\MomentumStockSignals.jsx","import MomentumCTA from '../../../components/MomentumTrading/MomentumCTA';"
"C:\Users\Rashid\Desktop\New folder\internave_web\internative_web\src\pages\Signals\StockTradingSignals\SwingTradingStocks.jsx","import SwingHero from '../../../components/SwingTrading/SwingHero';"
"C:\Users\Rashid\Desktop\New folder\internave_web\internative_web\src\pages\Signals\StockTradingSignals\SwingTradingStocks.jsx","import SwingStrategies from '../../../components/SwingTrading/SwingStrategies';"
"C:\Users\Rashid\Desktop\New folder\internave_web\internative_web\src\pages\Signals\StockTradingSignals\SwingTradingStocks.jsx","import TechnicalIndicators from '../../../components/SwingTrading/TechnicalIndicators';"
"C:\Users\Rashid\Desktop\New folder\internave_web\internative_web\src\pages\Signals\StockTradingSignals\SwingTradingStocks.jsx","import BestStocksSwing from '../../../components/SwingTrading/BestStocksSwing';"
"C:\Users\Rashid\Desktop\New folder\internave_web\internative_web\src\pages\Signals\StockTradingSignals\SwingTradingStocks.jsx","import SwingRisk from '../../../components/SwingTrading/SwingRisk';"
"C:\Users\Rashid\Desktop\New folder\internave_web\internative_web\src\pages\Signals\StockTradingSignals\SwingTradingStocks.jsx","import WhoShouldSwingTrade from '../../../components/SwingTrading/WhoShouldSwingTrade';"
"C:\Users\Rashid\Desktop\New folder\internave_web\internative_web\src\pages\Signals\StockTradingSignals\SwingTradingStocks.jsx","import SwingFAQ from '../../../components/SwingTrading/SwingFAQ';"
"C:\Users\Rashid\Desktop\New folder\internave_web\internative_web\src\pages\Signals\StockTradingSignals\SwingTradingStocks.jsx","import SwingCTA from '../../../components/SwingTrading/SwingCTA';"
"C:\Users\Rashid\Desktop\New folder\internave_web\internative_web\src\pages\Tools\AdvancedOptions.jsx","import Hero from '../../components/AdvancedOptions/Hero';"
"C:\Users\Rashid\Desktop\New folder\internave_web\internative_web\src\pages\Tools\AdvancedOptions.jsx","import StrategyIntro from '../../components/AdvancedOptions/StrategyIntro';"
"C:\Users\Rashid\Desktop\New folder\internave_web\internative_web\src\pages\Tools\AdvancedOptions.jsx","import FailureAnalysis from '../../components/AdvancedOptions/FailureAnalysis';"
"C:\Users\Rashid\Desktop\New folder\internave_web\internative_web\src\pages\Tools\AdvancedOptions.jsx","import StrategiesDetailed from '../../components/AdvancedOptions/StrategiesDetailed';"
"C:\Users\Rashid\Desktop\New folder\internave_web\internative_web\src\pages\Tools\AdvancedOptions.jsx","import UserSuitability from '../../components/AdvancedOptions/UserSuitability';"
"C:\Users\Rashid\Desktop\New folder\internave_web\internative_web\src\pages\Tools\AdvancedOptions.jsx","import AdvancedFAQ from '../../components/AdvancedOptions/AdvancedFAQ';"
"C:\Users\Rashid\Desktop\New folder\internave_web\internative_web\src\pages\Tools\AdvancedOptions.jsx","import AdvancedSummary from '../../components/AdvancedOptions/AdvancedSummary';"
"C:\Users\Rashid\Desktop\New folder\internave_web\internative_web\src\pages\Tools\AdvancedOptions.jsx","import KeyTakeaways from '../../components/AdvancedOptions/KeyTakeaways';"
"C:\Users\Rashid\Desktop\New folder\internave_web\internative_web\src\pages\Tools\AdvancedOptions.jsx","import NextSteps from '../../components/AdvancedOptions/NextSteps';"
"C:\Users\Rashid\Desktop\New folder\internave_web\internative_web\src\pages\Tools\AdvancedOptions.jsx","import RiskDisclosure from '../../components/AdvancedOptions/RiskDisclosure';"
"C:\Users\Rashid\Desktop\New folder\internave_web\internative_web\src\pages\Tools\RealTimeAlerts.jsx","import Hero from '../../components/RealTimeAlerts/Hero';"
"C:\Users\Rashid\Desktop\New folder\internave_web\internative_web\src\pages\Tools\RealTimeAlerts.jsx","import AlertFeatures from '../../components/RealTimeAlerts/AlertFeatures';"
"C:\Users\Rashid\Desktop\New folder\internave_web\internative_web\src\pages\Tools\RealTimeAlerts.jsx","import FAQ from '../../components/RealTimeAlerts/FAQ';"
"C:\Users\Rashid\Desktop\New folder\internave_web\internative_web\src\pages\Tools\RiskGuide.jsx","import Hero from '../../components/RiskGuide/Hero';"
"C:\Users\Rashid\Desktop\New folder\internave_web\internative_web\src\pages\Tools\RiskGuide.jsx","import CoreUnderstanding from '../../components/RiskGuide/CoreUnderstanding';"
"C:\Users\Rashid\Desktop\New folder\internave_web\internative_web\src\pages\Tools\RiskGuide.jsx","import PositionSizing from '../../components/RiskGuide/PositionSizing';"
"C:\Users\Rashid\Desktop\New folder\internave_web\internative_web\src\pages\Tools\RiskGuide.jsx","import SurvivalGuide from '../../components/RiskGuide/SurvivalGuide';"
"C:\Users\Rashid\Desktop\New folder\internave_web\internative_web\src\pages\Tools\RiskGuide.jsx","import ImplementationControls from '../../components/RiskGuide/ImplementationControls';"
"C:\Users\Rashid\Desktop\New folder\internave_web\internative_web\src\pages\Tools\RiskGuide.jsx","import RiskAdjustment from '../../components/RiskGuide/RiskAdjustment';"
"C:\Users\Rashid\Desktop\New folder\internave_web\internative_web\src\pages\Tools\RiskGuide.jsx","import WhoNeedsThis from '../../components/RiskGuide/WhoNeedsThis';"
"C:\Users\Rashid\Desktop\New folder\internave_web\internative_web\src\pages\Tools\RiskGuide.jsx","import RiskFAQ from '../../components/RiskGuide/RiskFAQ';"
"C:\Users\Rashid\Desktop\New folder\internave_web\internative_web\src\pages\Tools\RiskGuide.jsx","import RiskSummary from '../../components/RiskGuide/RiskSummary';"
"C:\Users\Rashid\Desktop\New folder\internave_web\internative_web\src\pages\Tools\RiskGuide.jsx","import KeyTakeaways from '../../components/RiskGuide/KeyTakeaways';"
"C:\Users\Rashid\Desktop\New folder\internave_web\internative_web\src\pages\Tools\RiskGuide.jsx","import NextSteps from '../../components/RiskGuide/NextSteps';"
"C:\Users\Rashid\Desktop\New folder\internave_web\internative_web\src\pages\Tools\RiskGuide.jsx","import RiskDisclosure from '../../components/RiskGuide/RiskDisclosure';"
"C:\Users\Rashid\Desktop\New folder\internave_web\internative_web\src\pages\Tools\SignalsApp.jsx","import Hero from '../../components/SignalsApp/Hero';"
"C:\Users\Rashid\Desktop\New folder\internave_web\internative_web\src\pages\Tools\SignalsApp.jsx","import AppOverview from '../../components/SignalsApp/AppOverview';"
"C:\Users\Rashid\Desktop\New folder\internave_web\internative_web\src\pages\Tools\SignalsApp.jsx","import EssentialFeatures from '../../components/SignalsApp/EssentialFeatures';"
"C:\Users\Rashid\Desktop\New folder\internave_web\internative_web\src\pages\Tools\SignalsApp.jsx","import ScamRedFlags from '../../components/SignalsApp/ScamRedFlags';"
"C:\Users\Rashid\Desktop\New folder\internave_web\internative_web\src\pages\Tools\SignalsApp.jsx","import EvaluationGuide from '../../components/SignalsApp/EvaluationGuide';"
"C:\Users\Rashid\Desktop\New folder\internave_web\internative_web\src\pages\Tools\SignalsApp.jsx","import UserProfiles from '../../components/SignalsApp/UserProfiles';"
"C:\Users\Rashid\Desktop\New folder\internave_web\internative_web\src\pages\Tools\SignalsApp.jsx","import AppFAQ from '../../components/SignalsApp/AppFAQ';"
"C:\Users\Rashid\Desktop\New folder\internave_web\internative_web\src\pages\Tools\SignalsApp.jsx","import AppSummary from '../../components/SignalsApp/AppSummary';"
"C:\Users\Rashid\Desktop\New folder\internave_web\internative_web\src\pages\Tools\SignalsApp.jsx","import KeyTakeaways from '../../components/SignalsApp/KeyTakeaways';"
"C:\Users\Rashid\Desktop\New folder\internave_web\internative_web\src\pages\Tools\SignalsApp.jsx","import RiskDisclosure from '../../components/SignalsApp/RiskDisclosure';"
"C:\Users\Rashid\Desktop\New folder\internave_web\internative_web\src\pages\Tools\ToolsHub.jsx","import Section from '../../components/ui/Section';"
"C:\Users\Rashid\Desktop\New folder\internave_web\internative_web\src\pages\Tools\ToolsHub.jsx","import GlassCard from '../../components/ui/GlassCard';"
"C:\Users\Rashid\Desktop\New folder\internave_web\internative_web\src\pages\Tools\ToolsHub.jsx","import GradientText from '../../components/ui/GradientText';"
"C:\Users\Rashid\Desktop\New folder\internave_web\internative_web\src\pages\Tools\TradingSignalsForBeginners.jsx","import Hero from '../../components/EducationHub/Hero';"
"C:\Users\Rashid\Desktop\New folder\internave_web\internative_web\src\pages\Tools\TradingSignalsForBeginners.jsx","import FinalCTA from '../../components/EducationHub/FinalCTA';"
